mad0,262193,0,2017-12-08 19:30:58.603685,1.6300,0.0000,22.2029,,0.0000,0.0000,PRECHARGE,,,,,,,
mad0,262193,0,2017-12-08 19:30:58.706666,,,,,,,,PRECHARGE,0.0000,0.0000,0.0000,0.0068,0.0000,1.6300,0.722995
mad1,262193,1,2017-12-08 19:30:58.633688,0.0108,2.7628,22.1937,,0.0921,8.4869,PRECHARGE,,,,,,,
mad1,262193,1,2017-12-08 19:31:00.832918,,,,,,,,PRECHARGE,8.4869,0.0921,0.0000,0.0000,2.7628,0.0108,2.699244
mad2,262193,2,2017-12-08 19:30:58.663670,1.6300,0.0000,21.4661,,0.0000,0.0000,PRECHARGE,,,,,,,
mad2,262193,2,2017-12-08 19:31:02.931359,,,,,,,,PRECHARGE,0.0000,0.0000,0.0000,0.0063,0.0000,1.6300,4.657833
mad3,262193,3,2017-12-08 19:30:58.696663,1.6289,0.0000,20.0181,,0.0000,0.0000,PRECHARGE,,,,,,,
mad3,262193,3,2017-12-08 19:31:05.085815,,,,,,,,PRECHARGE,0.0000,0.0000,0.0000,0.0000,0.0000,1.6289,6.672136
mad0,262193,0,2017-12-08 19:31:01.740222,1.6300,0.0000,22.1961,,0.0000,0.0000,CHARGEREST,,,,,,,
mad1,262193,1,2017-12-08 19:31:03.846883,0.0108,2.7629,22.1742,,0.1842,16.9745,CHARGEREST,,,,,,,
mad2,262193,2,2017-12-08 19:31:05.972100,1.6300,0.0000,21.4723,,0.0000,0.0000,CHARGEREST,,,,,,,
mad3,262193,3,2017-12-08 19:31:08.116991,1.6289,0.0000,20.0052,,0.0000,0.0000,CHARGEREST,,,,,,,
mad0,262193,0,2017-12-08 19:31:08.236997,1.6300,0.0000,22.1961,,0.0000,0.0000,CHARGEREST,,,,,,,
mad1,262193,1,2017-12-08 19:31:08.356894,0.0108,2.7628,22.1742,,0.2210,20.3693,CHARGEREST,,,,,,,
mad2,262193,2,2017-12-08 19:31:08.476990,1.6300,0.0000,21.4661,,0.0000,0.0000,CHARGEREST,,,,,,,
mad3,262193,3,2017-12-08 19:31:09.242768,1.6289,0.0000,20.0117,,0.0000,0.0000,CHARGEREST,,,,,,,
mad0,262193,0,2017-12-08 19:31:09.364630,1.6300,0.0000,22.1961,,0.0000,0.0000,CHARGEREST,,,,,,,
mad1,262193,1,2017-12-08 19:31:09.484640,0.0108,2.7626,22.1742,,0.2578,23.7641,CHARGEREST,,,,,,,
mad2,262193,2,2017-12-08 19:31:09.604653,1.6300,0.0000,21.4723,,0.0000,0.0000,CHARGEREST,,,,,,,
mad3,262193,3,2017-12-08 19:31:10.373754,1.6289,0.0000,20.0052,,0.0000,0.0000,CHARGEREST,,,,,,,
mad0,262193,0,2017-12-08 19:31:10.493914,1.6300,0.0000,22.1961,,0.0000,0.0000,CHARGEREST,,,,,,,
mad1,262193,1,2017-12-08 19:31:10.613915,0.0108,2.7626,22.1742,,0.2946,27.1589,CHARGEREST,,,,,,,
mad2,262193,2,2017-12-08 19:31:10.733947,1.6300,0.0000,21.4723,,0.0000,0.0000,CHARGEREST,,,,,,,
mad3,262193,3,2017-12-08 19:31:11.503960,1.6289,0.0000,20.0052,,0.0000,0.0000,CHARGEREST,,,,,,,
mad0,262193,0,2017-12-08 19:31:11.623802,1.6300,0.0000,22.1961,,0.0000,0.0000,CHARGEREST,,,,,,,
mad1,262193,1,2017-12-08 19:31:11.693803,0.0108,2.7628,22.1742,,0.3315,30.5537,CHARGEREST,,,,,,,
mad2,262193,2,2017-12-08 19:31:11.855065,1.6300,0.0000,21.4786,,0.0000,0.0000,CHARGEREST,,,,,,,
mad3,262193,3,2017-12-08 19:31:12.628950,1.6289,0.0000,20.0117,,0.0000,0.0000,CHARGEREST,,,,,,,
mad0,262193,0,2017-12-08 19:31:12.749075,1.6300,0.0000,22.1961,,0.0000,0.0000,CHARGEREST,,,,,,,
mad1,262193,1,2017-12-08 19:31:12.838923,0.0108,2.7628,22.1742,,0.3683,33.9486,CHARGEREST,,,,,,,
mad2,262193,2,2017-12-08 19:31:12.979092,1.6300,0.0000,21.4786,,0.0000,0.0000,CHARGEREST,,,,,,,
mad3,262193,3,2017-12-08 19:31:13.750963,1.6289,0.0000,20.0052,,0.0000,0.0000,CHARGEREST,,,,,,,
mad0,262193,0,2017-12-08 19:31:13.870878,1.6300,0.0000,22.1961,,0.0000,0.0000,CHARGEREST,,,,,,,
mad1,262193,1,2017-12-08 19:31:13.991003,0.0108,2.7626,22.1742,,0.4051,37.3433,CHARGEREST,,,,,,,
mad2,262193,2,2017-12-08 19:31:14.070854,1.6300,0.0000,21.4786,,0.0000,0.0000,CHARGEREST,,,,,,,
mad3,262193,3,2017-12-08 19:31:14.863290,1.6289,0.0000,20.0052,,0.0000,0.0000,CHARGEREST,,,,,,,
mad0,262193,0,2017-12-08 19:31:14.993297,1.6300,0.0000,22.1961,,0.0000,0.0000,CHARGEREST,,,,,,,
mad1,262193,1,2017-12-08 19:31:15.103172,0.0108,2.7628,22.1677,,0.4236,39.0407,CHARGEREST,,,,,,,
mad2,262193,2,2017-12-08 19:31:15.201705,1.6300,0.0000,21.4848,,0.0000,0.0000,CHARGEREST,,,,,,,
mad3,262193,3,2017-12-08 19:31:15.984643,1.6289,0.0000,20.0052,,0.0000,0.0000,CHARGEREST,,,,,,,
mad0,262193,0,2017-12-08 19:31:16.114642,1.6300,0.0000,22.1894,,0.0000,0.0000,CHARGEREST,,,,,,,
mad1,262193,1,2017-12-08 19:31:16.184643,0.0108,2.7626,22.1677,,0.4604,42.4355,CHARGEREST,,,,,,,
mad2,262193,2,2017-12-08 19:31:16.334487,1.6300,0.0000,21.4786,,0.0000,0.0000,CHARGEREST,,,,,,,
mad3,262193,3,2017-12-08 19:31:17.114557,1.6289,0.0000,20.0052,,0.0000,0.0000,CHARGEREST,,,,,,,
mad0,262193,0,2017-12-08 19:31:17.244564,1.6300,0.0000,22.1894,,0.0000,0.0000,CHARGEREST,,,,,,,
mad1,262193,1,2017-12-08 19:31:17.364566,0.0108,2.7626,22.1611,,0.4972,45.8304,CHARGEREST,,,,,,,
mad2,262193,2,2017-12-08 19:31:17.482418,1.6300,0.0000,21.4786,,0.0000,0.0000,CHARGEREST,,,,,,,
mad3,262193,3,2017-12-08 19:31:18.244013,1.6289,0.0000,20.0052,,0.0000,0.0000,CHARGEREST,,,,,,,
mad0,262193,0,2017-12-08 19:31:18.374187,1.6300,0.0000,22.1894,,0.0000,0.0000,CHARGEREST,,,,,,,
mad1,262193,1,2017-12-08 19:31:18.454190,0.0108,2.7628,22.1611,,0.5340,49.2253,CHARGEREST,,,,,,,
mad2,262193,2,2017-12-08 19:31:18.604034,1.6300,0.0000,21.4786,,0.0000,0.0000,CHARGEREST,,,,,,,
mad3,262193,3,2017-12-08 19:31:19.369587,1.6289,0.0000,20.0052,,0.0000,0.0000,CHARGEREST,,,,,,,
mad0,262193,0,2017-12-08 19:31:19.499705,1.6300,0.0000,22.1894,,0.0000,0.0000,CHARGEREST,,,,,,,
mad1,262193,1,2017-12-08 19:31:19.619559,0.0108,2.7629,22.1677,,0.5709,52.6204,CHARGEREST,,,,,,,
mad2,262193,2,2017-12-08 19:31:19.742570,1.6300,0.0000,21.4786,,0.0000,0.0000,CHARGEREST,,,,,,,
mad3,262193,3,2017-12-08 19:31:20.496264,1.6289,0.0000,20.0052,,0.0000,0.0000,CHARGEREST,,,,,,,
mad0,262193,0,2017-12-08 19:31:20.626110,1.6300,0.0000,22.1894,,0.0000,0.0000,CHARGEREST,,,,,,,
mad1,262193,1,2017-12-08 19:31:20.706110,0.0108,2.7629,22.1611,,0.6077,56.0153,CHARGEREST,,,,,,,
mad2,262193,2,2017-12-08 19:31:20.866115,1.6300,0.0000,21.4848,,0.0000,0.0000,CHARGEREST,,,,,,,
mad3,262193,3,2017-12-08 19:31:21.626283,1.6289,0.0000,19.9987,,0.0000,0.0000,CHARGEREST,,,,,,,
mad0,262193,0,2017-12-08 19:31:21.756286,1.6300,0.0000,22.1894,,0.0000,0.0000,CHARGEREST,,,,,,,
mad1,262193,1,2017-12-08 19:31:21.867445,0.0108,2.7625,22.1611,,0.6261,57.7126,CHARGEREST,,,,,,,
mad2,262193,2,2017-12-08 19:31:21.987280,1.6300,0.0000,21.4848,,0.0000,0.0000,CHARGEREST,,,,,,,
mad3,262193,3,2017-12-08 19:31:22.747353,1.6289,0.0000,20.0052,,0.0000,0.0000,CHARGEREST,,,,,,,
mad0,262193,0,2017-12-08 19:31:22.839885,1.6300,0.0000,22.1894,,0.0000,0.0000,CHARGEREST,,,,,,,
mad1,262193,1,2017-12-08 19:31:22.994553,0.0108,2.7629,22.1546,,0.6630,61.1075,CHARGEREST,,,,,,,
mad2,262193,2,2017-12-08 19:31:23.114583,1.6300,0.0000,21.4723,,0.0000,0.0000,CHARGEREST,,,,,,,
mad3,262193,3,2017-12-08 19:31:23.845913,1.6289,0.0000,20.0052,,0.0000,0.0000,CHARGEREST,,,,,,,
mad0,262193,0,2017-12-08 19:31:23.941426,1.6300,0.0000,22.1894,,0.0000,0.0000,CHARGEREST,,,,,,,
mad1,262193,1,2017-12-08 19:31:24.124105,0.0108,2.7626,22.1611,,0.6998,64.5023,CHARGEREST,,,,,,,
mad2,262193,2,2017-12-08 19:31:24.214268,1.6300,0.0000,21.4786,,0.0000,0.0000,CHARGEREST,,,,,,,
mad3,262193,3,2017-12-08 19:31:24.934123,1.6289,0.0000,20.0052,,0.0000,0.0000,CHARGEREST,,,,,,,
mad0,262193,0,2017-12-08 19:31:25.314196,1.6300,0.0000,22.1894,,0.0000,0.0000,CHARGEREST,,,,,,,
mad1,262193,1,2017-12-08 19:31:25.434281,0.0108,2.7626,22.1546,,0.7366,67.8970,CHARGEREST,,,,,,,
mad2,262193,2,2017-12-08 19:31:25.554200,1.6300,0.0000,21.4786,,0.0000,0.0000,CHARGEREST,,,,,,,
mad3,262193,3,2017-12-08 19:31:26.062566,1.6289,0.0000,20.0117,,0.0000,0.0000,CHARGEREST,,,,,,,
mad0,262193,0,2017-12-08 19:31:26.443986,1.6300,0.0000,22.1894,,0.0000,0.0000,CHARGEREST,,,,,,,
mad1,262193,1,2017-12-08 19:31:26.560847,0.0108,2.7626,22.1546,,0.7734,71.2917,CHARGEREST,,,,,,,
mad2,262193,2,2017-12-08 19:31:26.680839,1.6300,0.0000,21.4786,,0.0000,0.0000,CHARGEREST,,,,,,,
mad3,262193,3,2017-12-08 19:31:27.184540,1.6289,0.0000,20.0117,,0.0000,0.0000,CHARGEREST,,,,,,,
mad0,262193,0,2017-12-08 19:31:27.554054,1.6300,0.0000,22.1826,,0.0000,0.0000,CHARGEREST,,,,,,,
mad1,262193,1,2017-12-08 19:31:27.684110,0.0108,2.7628,22.1546,,0.8103,74.6864,CHARGEREST,,,,,,,
mad2,262193,2,2017-12-08 19:31:27.774040,1.6300,0.0000,21.4723,,0.0000,0.0000,CHARGEREST,,,,,,,
mad3,262193,3,2017-12-08 19:31:28.294369,1.6289,0.0000,20.0052,,0.0000,0.0000,CHARGEREST,,,,,,,
mad0,262193,0,2017-12-08 19:31:28.674452,1.6300,0.0000,22.1894,,0.0000,0.0000,CHARGEREST,,,,,,,
mad1,262193,1,2017-12-08 19:31:28.804298,0.0108,2.7625,22.1481,,0.8471,78.0809,CHARGEREST,,,,,,,
mad2,262193,2,2017-12-08 19:31:28.924801,1.6300,0.0000,21.4786,,0.0000,0.0000,CHARGEREST,,,,,,,
mad3,262193,3,2017-12-08 19:31:29.414889,1.6289,0.0000,20.0117,,0.0000,0.0000,CHARGEREST,,,,,,,
mad0,262193,0,2017-12-08 19:31:29.794939,1.6301,0.0000,22.1894,,0.0000,0.0000,CHARGEREST,,,,,,,
mad1,262193,1,2017-12-08 19:31:29.882995,0.0108,2.7625,22.1546,,0.8655,79.7782,CHARGEREST,,,,,,,
mad2,262193,2,2017-12-08 19:31:30.054617,1.6300,0.0000,21.4786,,0.0000,0.0000,CHARGEREST,,,,,,,
mad3,262193,3,2017-12-08 19:31:30.544678,1.6289,0.0000,20.0052,,0.0000,0.0000,CHARGEREST,,,,,,,
mad0,262193,0,2017-12-08 19:31:30.862773,1.6300,0.0000,22.1894,,0.0000,0.0000,CHARGEREST,,,,,,,
mad1,262193,1,2017-12-08 19:31:31.008577,0.0108,2.7628,22.1481,,0.9023,83.1729,CHARGEREST,,,,,,,
mad2,262193,2,2017-12-08 19:31:31.168500,1.6300,0.0000,21.4786,,0.0000,0.0000,CHARGEREST,,,,,,,
mad3,262193,3,2017-12-08 19:31:31.668588,1.6289,0.0000,20.0117,,0.0000,0.0000,CHARGEREST,,,,,,,
mad0,262193,0,2017-12-08 19:31:31.978601,1.6301,0.0000,22.1894,,0.0000,0.0000,CHARGEREST,,,,,,,
mad1,262193,1,2017-12-08 19:31:32.138596,0.0108,2.7625,22.1481,,0.9392,86.5675,CHARGEREST,,,,,,,
mad2,262193,2,2017-12-08 19:31:32.298591,1.6300,0.0000,21.4786,,0.0000,0.0000,CHARGEREST,,,,,,,
mad3,262193,3,2017-12-08 19:31:32.794795,1.6289,0.0000,20.0117,,0.0000,0.0000,CHARGEREST,,,,,,,
mad0,262193,0,2017-12-08 19:31:33.104656,1.6301,0.0000,22.1894,,0.0000,0.0000,CHARGEREST,,,,,,,
mad1,262193,1,2017-12-08 19:31:33.264738,0.0108,2.7625,22.1481,,0.9760,89.9620,CHARGEREST,,,,,,,
mad2,262193,2,2017-12-08 19:31:33.422057,1.6300,0.0000,21.4786,,0.0000,0.0000,CHARGEREST,,,,,,,
mad3,262193,3,2017-12-08 19:31:33.882295,1.6289,0.0000,20.0117,,0.0000,0.0000,CHARGEREST,,,,,,,
mad0,262193,0,2017-12-08 19:31:34.234716,1.6301,0.0000,22.1894,,0.0000,0.0000,CHARGEREST,,,,,,,
mad1,262193,1,2017-12-08 19:31:34.364706,0.0108,2.7624,22.1481,,1.0128,93.3566,CHARGEREST,,,,,,,
mad2,262193,2,2017-12-08 19:31:34.544835,1.6300,0.0000,21.4786,,0.0000,0.0000,CHARGEREST,,,,,,,
mad3,262193,3,2017-12-08 19:31:35.004855,1.6289,0.0000,20.0117,,0.0000,0.0000,CHARGEREST,,,,,,,
mad0,262193,0,2017-12-08 19:31:35.364851,1.6301,0.0000,22.1826,,0.0000,0.0000,CHARGEREST,,,,,,,
mad1,262193,1,2017-12-08 19:31:35.494702,0.0108,2.7626,22.1481,,1.0497,96.7514,CHARGEREST,,,,,,,
mad2,262193,2,2017-12-08 19:31:35.675081,1.6300,0.0000,21.4786,,0.0000,0.0000,CHARGEREST,,,,,,,
mad3,262193,3,2017-12-08 19:31:36.128300,1.6289,0.0000,20.0117,,0.0000,0.0000,CHARGEREST,,,,,,,
mad0,262193,0,2017-12-08 19:31:36.488165,1.6301,0.0000,22.1894,,0.0000,0.0000,CHARGEREST,,,,,,,
mad1,262193,1,2017-12-08 19:31:36.623055,0.0108,2.7628,22.1416,,1.0865,100.1463,CHARGEREST,,,,,,,
mad2,262193,2,2017-12-08 19:31:36.803059,1.6300,0.0000,21.4786,,0.0000,0.0000,CHARGEREST,,,,,,,
mad3,262193,3,2017-12-08 19:31:37.255120,1.6289,0.0000,20.0117,,0.0000,0.0000,CHARGEREST,,,,,,,
mad0,262193,0,2017-12-08 19:31:37.599711,1.6301,0.0000,22.1826,,0.0000,0.0000,CHARGEREST,,,,,,,
mad1,262193,1,2017-12-08 19:31:37.749600,0.0108,2.7628,22.1481,,1.1049,101.8437,CHARGEREST,,,,,,,
mad2,262193,2,2017-12-08 19:31:38.234624,1.6300,0.0000,21.4786,,0.0000,0.0000,CHARGEREST,,,,,,,
mad3,262193,3,2017-12-08 19:31:38.384469,1.6289,0.0000,20.0117,,0.0000,0.0000,CHARGEREST,,,,,,,
mad0,262193,0,2017-12-08 19:31:38.724877,1.6301,0.0000,22.1894,,0.0000,0.0000,CHARGEREST,,,,,,,
mad1,262193,1,2017-12-08 19:31:38.864326,0.0108,2.7629,22.1351,,1.1417,105.2387,CHARGEREST,,,,,,,
mad2,262193,2,2017-12-08 19:31:39.364330,1.6300,0.0000,21.4786,,0.0000,0.0000,CHARGEREST,,,,,,,
mad3,262193,3,2017-12-08 19:31:39.604181,1.6289,0.0000,20.0181,,0.0000,0.0000,CHARGEREST,,,,,,,
mad0,262193,0,2017-12-08 19:31:39.840016,1.6301,0.0000,22.1894,,0.0000,0.0000,CHARGEREST,,,,,,,
mad1,262193,1,2017-12-08 19:31:39.985717,0.0108,2.7626,22.1481,,1.1786,108.6335,CHARGEREST,,,,,,,
mad2,262193,2,2017-12-08 19:31:40.494268,1.6300,0.0000,21.4786,,0.0000,0.0000,CHARGEREST,,,,,,,
mad3,262193,3,2017-12-08 19:31:40.734404,1.6289,0.0000,20.0181,,0.0000,0.0000,CHARGEREST,,,,,,,
mad0,262193,0,2017-12-08 19:31:40.958239,1.6301,0.0000,22.1826,,0.0000,0.0000,CHARGEREST,,,,,,,
mad1,262193,1,2017-12-08 19:31:41.108391,0.0108,2.7629,22.1416,,1.2154,112.0285,CHARGEREST,,,,,,,
mad2,262193,2,2017-12-08 19:31:41.618419,1.6300,0.0000,21.4786,,0.0000,0.0000,CHARGEREST,,,,,,,
mad3,262193,3,2017-12-08 19:31:41.858258,1.6289,0.0000,20.0181,,0.0000,0.0000,CHARGEREST,,,,,,,
mad0,262193,0,2017-12-08 19:31:42.080264,1.6301,0.0000,22.1826,,0.0000,0.0000,CHARGEREST,,,,,,,
mad1,262193,1,2017-12-08 19:31:42.230984,0.0108,2.7629,22.1416,,1.2522,115.4233,CHARGEREST,,,,,,,
mad2,262193,2,2017-12-08 19:31:42.739666,1.6300,0.0000,21.4786,,0.0000,0.0000,CHARGEREST,,,,,,,
mad3,262193,3,2017-12-08 19:31:42.983007,1.6289,0.0000,20.0181,,0.0000,0.0000,CHARGEREST,,,,,,,
mad0,262193,0,2017-12-08 19:31:43.142939,1.6301,0.0000,22.1826,,0.0000,0.0000,CHARGEREST,,,,,,,
mad1,262193,1,2017-12-08 19:31:43.334585,0.0108,2.7626,22.1416,,1.2706,117.1207,CHARGEREST,,,,,,,
mad2,262193,2,2017-12-08 19:31:43.808552,1.6300,0.0000,21.4786,,0.0000,0.0000,CHARGEREST,,,,,,,
mad3,262193,3,2017-12-08 19:31:44.066204,1.6289,0.0000,20.0181,,0.0000,0.0000,CHARGEREST,,,,,,,
mad0,262193,0,2017-12-08 19:31:44.266209,1.6301,0.0000,22.1826,,0.0000,0.0000,CHARGEREST,,,,,,,
mad1,262193,1,2017-12-08 19:31:44.434070,0.0108,2.7626,22.1286,,1.3075,120.5153,CHARGEREST,,,,,,,
mad2,262193,2,2017-12-08 19:31:44.883718,1.6300,0.0000,21.4786,,0.0000,0.0000,CHARGEREST,,,,,,,
mad3,262193,3,2017-12-08 19:31:45.196316,1.6289,0.0000,20.0117,,0.0000,0.0000,CHARGEREST,,,,,,,
mad0,262193,0,2017-12-08 19:31:45.366321,1.6302,0.0000,22.1894,,0.0000,0.0000,CHARGEREST,,,,,,,
mad1,262193,1,2017-12-08 19:31:45.556171,0.0108,2.7626,22.1351,,1.3443,123.9100,CHARGEREST,,,,,,,
mad2,262193,2,2017-12-08 19:31:45.987479,1.6300,0.0000,21.4786,,0.0000,0.0000,CHARGEREST,,,,,,,
mad3,262193,3,2017-12-08 19:31:46.316825,1.6289,0.0000,20.0181,,0.0000,0.0000,CHARGEREST,,,,,,,
mad0,262193,0,2017-12-08 19:31:46.496054,1.6302,0.0000,22.1826,,0.0000,0.0000,CHARGEREST,,,,,,,
mad1,262193,1,2017-12-08 19:31:46.686057,0.0108,2.7626,22.1351,,1.3811,127.3048,CHARGEREST,,,,,,,
mad2,262193,2,2017-12-08 19:31:47.116867,1.6300,0.0000,21.4723,,0.0000,0.0000,CHARGEREST,,,,,,,
mad3,262193,3,2017-12-08 19:31:47.426856,1.6289,0.0000,20.0246,,0.0000,0.0000,CHARGEREST,,,,,,,
mad0,262193,0,2017-12-08 19:31:47.616737,1.6302,0.0000,22.1826,,0.0000,0.0000,CHARGEREST,,,,,,,
mad1,262193,1,2017-12-08 19:31:47.806871,0.0108,2.7629,22.1351,,1.4180,130.6998,CHARGEREST,,,,,,,
mad2,262193,2,2017-12-08 19:31:48.241859,1.6300,0.0000,21.4786,,0.0000,0.0000,CHARGEREST,,,,,,,
mad3,262193,3,2017-12-08 19:31:48.554575,1.6289,0.0000,20.0181,,0.0000,0.0000,CHARGEREST,,,,,,,
mad0,262193,0,2017-12-08 19:31:48.744580,1.6302,0.0000,22.1894,,0.0000,0.0000,CHARGEREST,,,,,,,
mad1,262193,1,2017-12-08 19:31:48.914582,0.0108,2.7626,22.1351,,1.4548,134.0946,CHARGEREST,,,,,,,
mad2,262193,2,2017-12-08 19:31:49.363068,1.6300,0.0000,21.4786,,0.0000,0.0000,CHARGEREST,,,,,,,
mad3,262193,3,2017-12-08 19:31:49.675308,1.6289,0.0000,20.0246,,0.0000,0.0000,CHARGEREST,,,,,,,
mad0,262193,0,2017-12-08 19:31:49.867019,1.6302,0.0000,22.1894,,0.0000,0.0000,CHARGEREST,,,,,,,
mad1,262193,1,2017-12-08 19:31:50.036955,0.0108,2.7626,22.1286,,1.4732,135.7920,CHARGEREST,,,,,,,
mad2,262193,2,2017-12-08 19:31:50.487030,1.6300,0.0000,21.4786,,0.0000,0.0000,CHARGEREST,,,,,,,
mad3,262193,3,2017-12-08 19:31:50.797035,1.6289,0.0000,20.0246,,0.0000,0.0000,CHARGEREST,,,,,,,
mad0,262193,0,2017-12-08 19:31:50.990776,1.6302,0.0000,22.1826,,0.0000,0.0000,CHARGEREST,,,,,,,
mad1,262193,1,2017-12-08 19:31:51.160658,0.0108,2.7630,22.1286,,1.5100,139.1869,CHARGEREST,,,,,,,
mad2,262193,2,2017-12-08 19:31:51.615039,1.6300,0.0000,21.4786,,0.0000,0.0000,CHARGEREST,,,,,,,
mad3,262193,3,2017-12-08 19:31:51.864056,1.6289,0.0000,20.0246,,0.0000,0.0000,CHARGEREST,,,,,,,
mad0,262193,0,2017-12-08 19:31:52.114397,1.6304,0.0000,22.1826,,0.0000,0.0000,CHARGEREST,,,,,,,
mad1,262193,1,2017-12-08 19:31:52.234556,0.0108,2.7628,22.1286,,1.5469,142.5819,CHARGEREST,,,,,,,
mad2,262193,2,2017-12-08 19:31:52.736138,1.6300,0.0000,21.4786,,0.0000,0.0000,CHARGEREST,,,,,,,
mad3,262193,3,2017-12-08 19:31:52.939902,1.6289,0.0000,20.0246,,0.0000,0.0000,CHARGEREST,,,,,,,
mad0,262193,0,2017-12-08 19:31:53.239996,1.6304,0.0000,22.1826,,0.0000,0.0000,CHARGEREST,,,,,,,
mad1,262193,1,2017-12-08 19:31:53.360039,0.0108,2.7628,22.1286,,1.5837,145.9768,CHARGEREST,,,,,,,
mad2,262193,2,2017-12-08 19:31:53.834191,1.6300,0.0000,21.4786,,0.0000,0.0000,CHARGEREST,,,,,,,
mad3,262193,3,2017-12-08 19:31:54.064460,1.6290,0.0000,20.0246,,0.0000,0.0000,CHARGEREST,,,,,,,
mad0,262193,0,2017-12-08 19:31:54.364157,1.6304,0.0000,22.1826,,0.0000,0.0000,CHARGEREST,,,,,,,
mad1,262193,1,2017-12-08 19:31:54.484166,0.0108,2.7626,22.1221,,1.6205,149.3715,CHARGEREST,,,,,,,
mad2,262193,2,2017-12-08 19:31:54.932304,1.6300,0.0000,21.4786,,0.0000,0.0000,CHARGEREST,,,,,,,
mad3,262193,3,2017-12-08 19:31:55.164488,1.6289,0.0000,20.0246,,0.0000,0.0000,CHARGEREST,,,,,,,
mad0,262193,0,2017-12-08 19:31:55.487963,1.6304,0.0000,22.1826,,0.0000,0.0000,CHARGEREST,,,,,,,
mad1,262193,1,2017-12-08 19:31:55.607966,0.0108,2.7626,22.1221,,1.6574,152.7663,CHARGEREST,,,,,,,
mad2,262193,2,2017-12-08 19:31:56.057970,1.6300,0.0000,21.4786,,0.0000,0.0000,CHARGEREST,,,,,,,
mad3,262193,3,2017-12-08 19:31:56.297997,1.6290,0.0000,20.0310,,0.0000,0.0000,CHARGEREST,,,,,,,
mad0,262193,0,2017-12-08 19:31:56.617988,1.6304,0.0000,22.1826,,0.0000,0.0000,CHARGEREST,,,,,,,
mad1,262193,1,2017-12-08 19:31:56.737994,0.0108,2.7629,22.1286,,1.6758,154.4638,CHARGEREST,,,,,,,
mad2,262193,2,2017-12-08 19:31:57.185226,1.6300,0.0000,21.4723,,0.0000,0.0000,CHARGEREST,,,,,,,
mad0,262193,0,2017-12-08 19:35:31.675145,1.6311,0.0000,22.1826,,0.0000,0.0000,PRECHARGE,,,,,,,
mad0,262193,0,2017-12-08 19:35:32.220129,,,,,,,,PRECHARGE,0.0000,0.0000,0.0000,0.0135,0.0000,1.6311,0.529827
mad1,262193,1,2017-12-08 19:35:31.700199,3.8132,2.7621,22.0047,,25.8881,6.7890,PRECHARGE,,,,,,,
mad1,262193,1,2017-12-08 19:35:34.379517,,,,,,,,PRECHARGE,6.7890,25.8881,0.0000,-0.0131,2.7621,3.8132,2.567928
mad2,262193,2,2017-12-08 19:35:32.280123,3.7470,0.0000,21.3910,,0.0000,0.0000,PRECHARGE,,,,,,,
mad2,262193,2,2017-12-08 19:35:36.529497,,,,,,,,PRECHARGE,0.0000,0.0000,0.0000,-0.0251,0.0000,3.7470,4.592748
mad3,262193,3,2017-12-08 19:35:32.430289,3.7513,0.0000,19.9794,,0.0000,0.0000,PRECHARGE,,,,,,,
mad3,262193,3,2017-12-08 19:35:38.608659,,,,,,,,PRECHARGE,0.0000,0.0000,0.0000,-0.0258,0.0000,3.7513,6.522065
mad0,262193,0,2017-12-08 19:35:35.259828,1.6311,0.0000,22.1556,,0.0000,0.0000,CHARGEREST,,,,,,,
mad1,262193,1,2017-12-08 19:35:37.410702,3.8132,2.7625,21.9590,,64.7169,16.9717,CHARGEREST,,,,,,,
mad2,262193,2,2017-12-08 19:35:39.569038,3.7470,0.0000,21.3659,,0.0000,0.0000,CHARGEREST,,,,,,,
mad3,262193,3,2017-12-08 19:35:41.632310,3.7513,0.0000,19.9664,,0.0000,0.0000,CHARGEREST,,,,,,,
mad0,262193,0,2017-12-08 19:35:41.752312,1.6311,0.0000,22.1488,,0.0000,0.0000,CHARGEREST,,,,,,,
mad1,262193,1,2017-12-08 19:35:41.840775,3.8132,2.7622,21.9459,,77.6605,20.3661,CHARGEREST,,,,,,,
mad2,262193,2,2017-12-08 19:35:42.330804,3.7470,0.0000,21.3659,,0.0000,0.0000,CHARGEREST,,,,,,,
mad3,262193,3,2017-12-08 19:35:42.759508,3.7513,0.0000,19.9664,,0.0000,0.0000,CHARGEREST,,,,,,,
mad0,262193,0,2017-12-08 19:35:42.849523,1.6311,0.0000,22.1556,,0.0000,0.0000,CHARGEREST,,,,,,,
mad1,262193,1,2017-12-08 19:35:42.957844,3.8132,2.7621,21.9394,,90.6029,23.7602,CHARGEREST,,,,,,,
mad2,262193,2,2017-12-08 19:35:43.450015,3.7470,0.0000,21.3659,,0.0000,0.0000,CHARGEREST,,,,,,,
mad3,262193,3,2017-12-08 19:35:44.016935,3.7513,0.0000,19.9664,,0.0000,0.0000,CHARGEREST,,,,,,,
mad0,262193,0,2017-12-08 19:35:44.139753,1.6311,0.0000,22.1353,,0.0000,0.0000,CHARGEREST,,,,,,,
mad1,262193,1,2017-12-08 19:35:44.259762,3.8132,2.7624,21.9328,,110.0195,28.8521,CHARGEREST,,,,,,,
mad2,262193,2,2017-12-08 19:35:44.579690,3.7470,0.0000,21.3534,,0.0000,0.0000,CHARGEREST,,,,,,,
mad3,262193,3,2017-12-08 19:35:45.407845,3.7513,0.0000,19.9600,,0.0000,0.0000,CHARGEREST,,,,,,,
mad0,262193,0,2017-12-08 19:35:45.529630,1.6311,0.0000,22.1353,,0.0000,0.0000,CHARGEREST,,,,,,,
mad1,262193,1,2017-12-08 19:35:45.649760,3.8132,2.7620,21.9132,,116.4904,30.5491,CHARGEREST,,,,,,,
mad2,262193,2,2017-12-08 19:35:45.769764,3.7470,0.0000,21.3471,,0.0000,0.0000,CHARGEREST,,,,,,,
mad3,262193,3,2017-12-08 19:35:46.539534,3.7513,0.0000,19.9471,,0.0000,0.0000,CHARGEREST,,,,,,,
mad0,262193,0,2017-12-08 19:35:46.659548,1.6311,0.0000,22.1488,,0.0000,0.0000,CHARGEREST,,,,,,,
mad1,262193,1,2017-12-08 19:35:47.080651,3.8132,2.7621,21.9067,,135.9044,35.6403,CHARGEREST,,,,,,,
mad2,262193,2,2017-12-08 19:35:47.200654,3.7470,0.0000,21.3471,,0.0000,0.0000,CHARGEREST,,,,,,,
mad3,262193,3,2017-12-08 19:35:47.725310,3.7513,0.0000,19.9471,,0.0000,0.0000,CHARGEREST,,,,,,,
mad0,262193,0,2017-12-08 19:35:47.826644,1.6311,0.0000,22.1488,,0.0000,0.0000,CHARGEREST,,,,,,,
mad1,262193,1,2017-12-08 19:35:48.209800,3.8132,2.7620,21.8936,,148.8459,39.0342,CHARGEREST,,,,,,,
mad2,262193,2,2017-12-08 19:35:48.329949,3.7470,0.0000,21.3345,,0.0000,0.0000,CHARGEREST,,,,,,,
mad3,262193,3,2017-12-08 19:35:48.819822,3.7513,0.0000,19.9471,,0.0000,0.0000,CHARGEREST,,,,,,,
mad0,262193,0,2017-12-08 19:35:48.918941,1.6311,0.0000,22.1353,,0.0000,0.0000,CHARGEREST,,,,,,,
mad1,262193,1,2017-12-08 19:35:49.338818,3.8132,2.7622,21.8805,,155.3174,40.7313,CHARGEREST,,,,,,,
mad2,262193,2,2017-12-08 19:35:49.458947,3.7470,0.0000,21.3408,,0.0000,0.0000,CHARGEREST,,,,,,,
mad3,262193,3,2017-12-08 19:35:49.897289,3.7513,0.0000,19.9406,,0.0000,0.0000,CHARGEREST,,,,,,,
mad0,262193,0,2017-12-08 19:35:50.045219,1.6311,0.0000,22.1353,,0.0000,0.0000,CHARGEREST,,,,,,,
mad1,262193,1,2017-12-08 19:35:50.462991,3.8132,2.7618,21.8805,,168.2593,44.1253,CHARGEREST,,,,,,,
mad2,262193,2,2017-12-08 19:35:50.552986,3.7470,0.0000,21.3220,,0.0000,0.0000,CHARGEREST,,,,,,,
mad3,262193,3,2017-12-08 19:35:51.008304,3.7513,0.0000,19.9341,,0.0000,0.0000,CHARGEREST,,,,,,,
mad0,262193,0,2017-12-08 19:35:51.129924,1.6311,0.0000,22.1421,,0.0000,0.0000,CHARGEREST,,,,,,,
mad1,262193,1,2017-12-08 19:35:51.589932,3.8134,2.7619,21.8609,,181.2009,47.5190,CHARGEREST,,,,,,,
mad2,262193,2,2017-12-08 19:35:51.689934,3.7470,0.0000,21.3283,,0.0000,0.0000,CHARGEREST,,,,,,,
mad3,262193,3,2017-12-08 19:35:52.130998,3.7513,0.0000,19.9406,,0.0000,0.0000,CHARGEREST,,,,,,,
mad0,262193,0,2017-12-08 19:35:52.250997,1.6311,0.0000,22.1218,,0.0000,0.0000,CHARGEREST,,,,,,,
mad1,262193,1,2017-12-08 19:35:52.710997,3.8132,2.7616,21.8609,,194.1413,50.9126,CHARGEREST,,,,,,,
mad2,262193,2,2017-12-08 19:35:52.831004,3.7470,0.0000,21.3220,,0.0000,0.0000,CHARGEREST,,,,,,,
mad3,262193,3,2017-12-08 19:35:53.260438,3.7513,0.0000,19.9406,,0.0000,0.0000,CHARGEREST,,,,,,,
mad0,262193,0,2017-12-08 19:35:53.380443,1.6311,0.0000,22.1285,,0.0000,0.0000,CHARGEREST,,,,,,,
mad1,262193,1,2017-12-08 19:35:53.840450,3.8132,2.7618,21.8478,,207.0825,54.3064,CHARGEREST,,,,,,,
mad2,262193,2,2017-12-08 19:35:53.950336,3.7470,0.0000,21.3157,,0.0000,0.0000,CHARGEREST,,,,,,,
mad3,262193,3,2017-12-08 19:35:54.390397,3.7513,0.0000,19.9406,,0.0000,0.0000,CHARGEREST,,,,,,,
mad0,262193,0,2017-12-08 19:35:54.510314,1.6311,0.0000,22.1150,,0.0000,0.0000,CHARGEREST,,,,,,,
mad1,262193,1,2017-12-08 19:35:54.970543,3.8132,2.7619,21.8412,,220.0241,57.7002,CHARGEREST,,,,,,,
mad2,262193,2,2017-12-08 19:35:55.080551,3.7470,0.0000,21.3220,,0.0000,0.0000,CHARGEREST,,,,,,,
mad3,262193,3,2017-12-08 19:35:55.519467,3.7513,0.0000,19.9341,,0.0000,0.0000,CHARGEREST,,,,,,,
mad0,262193,0,2017-12-08 19:35:55.639460,1.6311,0.0000,22.1218,,0.0000,0.0000,CHARGEREST,,,,,,,
mad1,262193,1,2017-12-08 19:35:56.099860,3.8132,2.7618,21.8412,,232.9648,61.0939,CHARGEREST,,,,,,,
mad2,262193,2,2017-12-08 19:35:56.170018,3.7470,0.0000,21.3094,,0.0000,0.0000,CHARGEREST,,,,,,,
mad3,262193,3,2017-12-08 19:35:56.641194,3.7513,0.0000,19.9212,,0.0000,0.0000,CHARGEREST,,,,,,,
mad0,262193,0,2017-12-08 19:35:56.731197,1.6311,0.0000,22.1150,,0.0000,0.0000,CHARGEREST,,,,,,,
mad1,262193,1,2017-12-08 19:35:57.211986,3.8132,2.7620,21.8412,,239.4357,62.7908,CHARGEREST,,,,,,,
mad2,262193,2,2017-12-08 19:35:57.312120,3.7470,0.0000,21.3032,,0.0000,0.0000,CHARGEREST,,,,,,,
mad3,262193,3,2017-12-08 19:35:57.762132,3.7513,0.0000,19.9147,,0.0000,0.0000,CHARGEREST,,,,,,,
mad0,262193,0,2017-12-08 19:35:57.871578,1.6311,0.0000,22.1285,,0.0000,0.0000,CHARGEREST,,,,,,,
mad1,262193,1,2017-12-08 19:35:58.341592,3.8132,2.7618,21.8412,,252.3766,66.1846,CHARGEREST,,,,,,,
mad2,262193,2,2017-12-08 19:35:58.459541,3.7470,0.0000,21.2906,,0.0000,0.0000,CHARGEREST,,,,,,,
mad3,262193,3,2017-12-08 19:35:58.879153,3.7513,0.0000,19.9147,,0.0000,0.0000,CHARGEREST,,,,,,,
mad0,262193,0,2017-12-08 19:35:58.999146,1.6311,0.0000,22.1150,,0.0000,0.0000,CHARGEREST,,,,,,,
mad1,262193,1,2017-12-08 19:35:59.449156,3.8132,2.7618,21.8150,,265.3170,69.5781,CHARGEREST,,,,,,,
mad2,262193,2,2017-12-08 19:35:59.589059,3.7470,0.0000,21.3032,,0.0000,0.0000,CHARGEREST,,,,,,,
mad3,262193,3,2017-12-08 19:36:00.007801,3.7513,0.0000,19.9147,,0.0000,0.0000,CHARGEREST,,,,,,,
mad0,262193,0,2017-12-08 19:36:00.127805,1.6311,0.0000,22.1083,,0.0000,0.0000,CHARGEREST,,,,,,,
mad1,262193,1,2017-12-08 19:36:00.569837,3.8132,2.7619,21.8216,,278.2586,72.9720,CHARGEREST,,,,,,,
mad2,262193,2,2017-12-08 19:36:00.710007,3.7470,0.0000,21.2969,,0.0000,0.0000,CHARGEREST,,,,,,,
mad3,262193,3,2017-12-08 19:36:01.128353,3.7513,0.0000,19.9147,,0.0000,0.0000,CHARGEREST,,,,,,,
mad0,262193,0,2017-12-08 19:36:01.250366,1.6311,0.0000,22.1083,,0.0000,0.0000,CHARGEREST,,,,,,,
mad1,262193,1,2017-12-08 19:36:01.700377,3.8132,2.7619,21.8150,,291.1998,76.3658,CHARGEREST,,,,,,,
mad2,262193,2,2017-12-08 19:36:01.826803,3.7470,0.0000,21.2906,,0.0000,0.0000,CHARGEREST,,,,,,,
mad3,262193,3,2017-12-08 19:36:02.259537,3.7513,0.0000,19.9212,,0.0000,0.0000,CHARGEREST,,,,,,,
mad0,262193,0,2017-12-08 19:36:02.379539,1.6311,0.0000,22.1015,,0.0000,0.0000,CHARGEREST,,,,,,,
mad1,262193,1,2017-12-08 19:36:02.821278,3.8132,2.7618,21.7953,,297.6702,78.0626,CHARGEREST,,,,,,,
mad2,262193,2,2017-12-08 19:36:02.928271,3.7470,0.0000,21.2969,,0.0000,0.0000,CHARGEREST,,,,,,,
mad3,262193,3,2017-12-08 19:36:03.384511,3.7513,0.0000,19.9147,,0.0000,0.0000,CHARGEREST,,,,,,,
mad0,262193,0,2017-12-08 19:36:03.504519,1.6312,0.0000,22.0947,,0.0000,0.0000,CHARGEREST,,,,,,,
mad1,262193,1,2017-12-08 19:36:03.968104,3.8132,2.7618,21.7888,,310.6105,81.4562,CHARGEREST,,,,,,,
mad2,262193,2,2017-12-08 19:36:04.139613,3.7470,0.0000,21.2843,,0.0000,0.0000,CHARGEREST,,,,,,,
mad3,262193,3,2017-12-08 19:36:04.511702,3.7513,0.0000,19.9083,,0.0000,0.0000,CHARGEREST,,,,,,,
mad0,262193,0,2017-12-08 19:36:04.630425,1.6312,0.0000,22.0947,,0.0000,0.0000,CHARGEREST,,,,,,,
mad1,262193,1,2017-12-08 19:36:05.092339,3.8132,2.7620,21.7888,,323.5524,84.8501,CHARGEREST,,,,,,,
mad2,262193,2,2017-12-08 19:36:05.262341,3.7470,0.0000,21.2781,,0.0000,0.0000,CHARGEREST,,,,,,,
mad3,262193,3,2017-12-08 19:36:05.622358,3.7513,0.0000,19.9018,,0.0000,0.0000,CHARGEREST,,,,,,,
mad0,262193,0,2017-12-08 19:36:05.752512,1.6312,0.0000,22.1015,,0.0000,0.0000,CHARGEREST,,,,,,,
mad1,262193,1,2017-12-08 19:36:06.219595,3.8132,2.7618,21.7822,,336.4936,88.2439,CHARGEREST,,,,,,,
mad2,262193,2,2017-12-08 19:36:06.389591,3.7470,0.0000,21.2718,,0.0000,0.0000,CHARGEREST,,,,,,,
mad3,262193,3,2017-12-08 19:36:06.749605,3.7513,0.0000,19.8953,,0.0000,0.0000,CHARGEREST,,,,,,,
mad0,262193,0,2017-12-08 19:36:06.849606,1.6316,0.0000,22.0947,,0.0000,0.0000,CHARGEREST,,,,,,,
mad1,262193,1,2017-12-08 19:36:07.349803,3.8132,2.7616,21.7822,,349.4346,91.6376,CHARGEREST,,,,,,,
mad2,262193,2,2017-12-08 19:36:07.519799,3.7470,0.0000,21.2655,,0.0000,0.0000,CHARGEREST,,,,,,,
mad3,262193,3,2017-12-08 19:36:07.869820,3.7513,0.0000,19.8888,,0.0000,0.0000,CHARGEREST,,,,,,,
mad0,262193,0,2017-12-08 19:36:07.969818,1.6319,0.0000,22.0947,,0.0000,0.0000,CHARGEREST,,,,,,,
mad1,262193,1,2017-12-08 19:36:08.470084,3.8132,2.7618,21.7691,,362.3759,95.0314,CHARGEREST,,,,,,,
mad2,262193,2,2017-12-08 19:36:08.639929,3.7470,0.0000,21.2529,,0.0000,0.0000,CHARGEREST,,,,,,,
mad3,262193,3,2017-12-08 19:36:08.999292,3.7513,0.0000,19.8953,,0.0000,0.0000,CHARGEREST,,,,,,,
mad0,262193,0,2017-12-08 19:36:09.119305,1.6320,0.0000,22.0812,,0.0000,0.0000,CHARGEREST,,,,,,,
mad1,262193,1,2017-12-08 19:36:09.599311,3.8134,2.7619,21.7757,,375.3174,98.4251,CHARGEREST,,,,,,,
mad2,262193,2,2017-12-08 19:36:09.769189,3.7470,0.0000,21.2529,,0.0000,0.0000,CHARGEREST,,,,,,,
mad3,262193,3,2017-12-08 19:36:10.120634,3.7513,0.0000,19.8694,,0.0000,0.0000,CHARGEREST,,,,,,,
mad0,262193,0,2017-12-08 19:36:10.240634,1.6320,0.0000,22.0947,,0.0000,0.0000,CHARGEREST,,,,,,,
mad1,262193,1,2017-12-08 19:36:10.721079,3.8132,2.7620,21.7560,,381.7883,100.1221,CHARGEREST,,,,,,,
mad2,262193,2,2017-12-08 19:36:10.855440,3.7470,0.0000,21.2466,,0.0000,0.0000,CHARGEREST,,,,,,,
mad3,262193,3,2017-12-08 19:36:11.241925,3.7513,0.0000,19.8953,,0.0000,0.0000,CHARGEREST,,,,,,,
mad0,262193,0,2017-12-08 19:36:11.361850,1.6320,0.0000,22.0744,,0.0000,0.0000,CHARGEREST,,,,,,,
mad1,262193,1,2017-12-08 19:36:11.841936,3.8132,2.7620,21.7560,,394.7301,103.5160,CHARGEREST,,,,,,,
mad2,262193,2,2017-12-08 19:36:11.904287,3.7470,0.0000,21.2341,,0.0000,0.0000,CHARGEREST,,,,,,,
mad3,262193,3,2017-12-08 19:36:12.368792,3.7513,0.0000,19.8824,,0.0000,0.0000,CHARGEREST,,,,,,,
mad0,262193,0,2017-12-08 19:36:12.490537,1.6322,0.0000,22.0744,,0.0000,0.0000,CHARGEREST,,,,,,,
mad1,262193,1,2017-12-08 19:36:12.962216,3.8132,2.7614,21.7363,,407.6699,106.9094,CHARGEREST,,,,,,,
mad2,262193,2,2017-12-08 19:36:13.080013,3.7470,0.0000,21.2341,,0.0000,0.0000,CHARGEREST,,,,,,,
mad3,262193,3,2017-12-08 19:36:13.491879,3.7513,0.0000,19.8694,,0.0000,0.0000,CHARGEREST,,,,,,,
mad0,262193,0,2017-12-08 19:36:13.611910,1.6322,0.0000,22.0812,,0.0000,0.0000,CHARGEREST,,,,,,,
mad1,262193,1,2017-12-08 19:36:14.038490,3.8132,2.7616,21.7363,,420.6100,110.3029,CHARGEREST,,,,,,,
mad2,262193,2,2017-12-08 19:36:14.168491,3.7470,0.0000,21.2278,,0.0000,0.0000,CHARGEREST,,,,,,,
mad3,262193,3,2017-12-08 19:36:14.620177,3.7513,0.0000,19.8694,,0.0000,0.0000,CHARGEREST,,,,,,,
mad0,262193,0,2017-12-08 19:36:14.740180,1.6322,0.0000,22.0744,,0.0000,0.0000,CHARGEREST,,,,,,,
mad1,262193,1,2017-12-08 19:36:15.160184,3.8132,2.7615,21.7297,,433.5495,113.6963,CHARGEREST,,,,,,,
mad2,262193,2,2017-12-08 19:36:15.290199,3.7470,0.0000,21.2278,,0.0000,0.0000,CHARGEREST,,,,,,,
mad3,262193,3,2017-12-08 19:36:15.750203,3.7513,0.0000,19.8565,,0.0000,0.0000,CHARGEREST,,,,,,,
mad0,262193,0,2017-12-08 19:36:15.869759,1.6322,0.0000,22.0676,,0.0000,0.0000,CHARGEREST,,,,,,,
mad1,262193,1,2017-12-08 19:36:16.289917,3.8132,2.7618,21.7166,,446.4896,117.0897,CHARGEREST,,,,,,,
mad2,262193,2,2017-12-08 19:36:16.419927,3.7470,0.0000,21.2152,,0.0000,0.0000,CHARGEREST,,,,,,,
mad3,262193,3,2017-12-08 19:36:16.840546,3.7513,0.0000,19.8629,,0.0000,0.0000,CHARGEREST,,,,,,,
mad0,262193,0,2017-12-08 19:36:16.990346,1.6322,0.0000,22.0676,,0.0000,0.0000,CHARGEREST,,,,,,,
mad1,262193,1,2017-12-08 19:36:17.410434,3.8134,2.7612,21.6969,,452.9593,118.7863,CHARGEREST,,,,,,,
mad2,262193,2,2017-12-08 19:36:17.540281,3.7470,0.0000,21.2152,,0.0000,0.0000,CHARGEREST,,,,,,,
mad3,262193,3,2017-12-08 19:36:17.939235,3.7513,0.0000,19.8500,,0.0000,0.0000,CHARGEREST,,,,,,,
mad0,262193,0,2017-12-08 19:36:18.119228,1.6322,0.0000,22.0609,,0.0000,0.0000,CHARGEREST,,,,,,,
mad1,262193,1,2017-12-08 19:36:18.539302,3.8132,2.7614,21.6903,,465.8991,122.1797,CHARGEREST,,,,,,,
mad2,262193,2,2017-12-08 19:36:18.669308,3.7470,0.0000,21.2026,,0.0000,0.0000,CHARGEREST,,,,,,,
mad3,262193,3,2017-12-08 19:36:19.069374,3.7513,0.0000,19.8629,,0.0000,0.0000,CHARGEREST,,,,,,,
mad0,262193,0,2017-12-08 19:36:19.249238,1.6322,0.0000,22.0541,,0.0000,0.0000,CHARGEREST,,,,,,,
mad1,262193,1,2017-12-08 19:36:19.660790,3.8132,2.7616,21.6903,,478.8380,125.5728,CHARGEREST,,,,,,,
mad2,262193,2,2017-12-08 19:36:19.796593,3.7470,0.0000,21.1838,,0.0000,0.0000,CHARGEREST,,,,,,,
mad3,262193,3,2017-12-08 19:36:20.189698,3.7513,0.0000,19.8565,,0.0000,0.0000,CHARGEREST,,,,,,,
mad0,262193,0,2017-12-08 19:36:20.369615,1.6322,0.0000,22.0541,,0.0000,0.0000,CHARGEREST,,,,,,,
mad1,262193,1,2017-12-08 19:36:20.761102,3.8132,2.7612,21.6837,,491.7769,128.9660,CHARGEREST,,,,,,,
mad2,262193,2,2017-12-08 19:36:20.888134,3.7470,0.0000,21.1838,,0.0000,0.0000,CHARGEREST,,,,,,,
mad3,262193,3,2017-12-08 19:36:21.310516,3.7513,0.0000,19.8370,,0.0000,0.0000,CHARGEREST,,,,,,,
mad0,262193,0,2017-12-08 19:36:21.480365,1.6322,0.0000,22.0541,,0.0000,0.0000,CHARGEREST,,,,,,,
mad1,262193,1,2017-12-08 19:36:21.870535,3.8134,2.7614,21.6771,,504.7166,132.3593,CHARGEREST,,,,,,,
mad2,262193,2,2017-12-08 19:36:22.010532,3.7470,0.0000,21.1775,,0.0000,0.0000,CHARGEREST,,,,,,,
mad3,262193,3,2017-12-08 19:36:22.440527,3.7513,0.0000,19.8306,,0.0000,0.0000,CHARGEREST,,,,,,,
mad0,262193,0,2017-12-08 19:36:22.610417,1.6322,0.0000,22.0473,,0.0000,0.0000,CHARGEREST,,,,,,,
mad1,262193,1,2017-12-08 19:36:22.991941,3.8134,2.7614,21.6640,,517.6560,135.7524,CHARGEREST,,,,,,,
mad2,262193,2,2017-12-08 19:36:23.131871,3.7470,0.0000,21.1712,,0.0000,0.0000,CHARGEREST,,,,,,,
mad3,262193,3,2017-12-08 19:36:23.561961,3.7513,0.0000,19.8241,,0.0000,0.0000,CHARGEREST,,,,,,,
mad0,262193,0,2017-12-08 19:36:23.711797,1.6322,0.0000,22.0473,,0.0000,0.0000,CHARGEREST,,,,,,,
mad1,262193,1,2017-12-08 19:36:24.119015,3.8134,2.7609,21.6640,,524.1248,137.4487,CHARGEREST,,,,,,,
mad2,262193,2,2017-12-08 19:36:24.259009,3.7470,0.0000,21.1649,,0.0000,0.0000,CHARGEREST,,,,,,,
mad3,262193,3,2017-12-08 19:36:24.690405,3.7513,0.0000,19.8176,,0.0000,0.0000,CHARGEREST,,,,,,,
mad0,262193,0,2017-12-08 19:36:24.840325,1.6322,0.0000,22.0405,,0.0000,0.0000,CHARGEREST,,,,,,,
mad1,262193,1,2017-12-08 19:36:25.240757,3.8132,2.7611,21.6443,,537.0625,140.8416,CHARGEREST,,,,,,,
mad2,262193,2,2017-12-08 19:36:25.381645,3.7470,0.0000,21.1649,,0.0000,0.0000,CHARGEREST,,,,,,,
mad3,262193,3,2017-12-08 19:36:25.815557,3.7513,0.0000,19.8176,,0.0000,0.0000,CHARGEREST,,,,,,,
mad0,262193,0,2017-12-08 19:36:25.930344,1.6322,0.0000,22.0270,,0.0000,0.0000,CHARGEREST,,,,,,,
mad1,262193,1,2017-12-08 19:36:26.360867,3.8134,2.7616,21.6574,,550.0016,144.2347,CHARGEREST,,,,,,,
mad2,262193,2,2017-12-08 19:36:26.490860,3.7470,0.0000,21.1460,,0.0000,0.0000,CHARGEREST,,,,,,,
mad3,262193,3,2017-12-08 19:36:26.939069,3.7513,0.0000,19.8176,,0.0000,0.0000,CHARGEREST,,,,,,,
mad0,262193,0,2017-12-08 19:36:27.009082,1.6322,0.0000,22.0270,,0.0000,0.0000,CHARGEREST,,,,,,,
mad1,262193,1,2017-12-08 19:36:27.490749,3.8134,2.7616,21.6508,,562.9419,147.6281,CHARGEREST,,,,,,,
mad2,262193,2,2017-12-08 19:36:27.620739,3.7470,0.0000,21.1397,,0.0000,0.0000,CHARGEREST,,,,,,,
mad3,262193,3,2017-12-08 19:36:28.068526,3.7513,0.0000,19.8046,,0.0000,0.0000,CHARGEREST,,,,,,,
mad0,262193,0,2017-12-08 19:36:28.188376,1.6322,0.0000,22.0338,,0.0000,0.0000,CHARGEREST,,,,,,,
mad1,262193,1,2017-12-08 19:36:28.620470,3.8132,2.7615,21.6443,,575.8814,151.0214,CHARGEREST,,,,,,,
mad2,262193,2,2017-12-08 19:36:28.720593,3.7470,0.0000,21.1397,,0.0000,0.0000,CHARGEREST,,,,,,,
mad3,262193,3,2017-12-08 19:36:29.190608,3.7513,0.0000,19.7981,,0.0000,0.0000,CHARGEREST,,,,,,,
mad0,262193,0,2017-12-08 19:36:29.310608,1.6322,0.0000,22.0270,,0.0000,0.0000,CHARGEREST,,,,,,,
mad1,262193,1,2017-12-08 19:36:29.750610,3.8134,2.7618,21.6377,,588.8217,154.4148,CHARGEREST,,,,,,,
mad2,262193,2,2017-12-08 19:36:29.860779,3.7470,0.0000,21.1208,,0.0000,0.0000,CHARGEREST,,,,,,,
mad3,262193,3,2017-12-08 19:36:30.320797,3.7513,0.0000,19.7852,,0.0000,0.0000,CHARGEREST,,,,,,,
mad0,262193,0,2017-12-08 19:36:30.440798,1.6322,0.0000,22.0270,,0.0000,0.0000,CHARGEREST,,,,,,,
mad1,262193,1,2017-12-08 19:36:30.840966,3.8132,2.7618,21.6245,,595.2920,156.1117,CHARGEREST,,,,,,,
mad2,262193,2,2017-12-08 19:36:30.989516,3.7470,0.0000,21.1208,,0.0000,0.0000,CHARGEREST,,,,,,,
mad3,262193,3,2017-12-08 19:36:31.441057,3.7513,0.0000,19.7787,,0.0000,0.0000,CHARGEREST,,,,,,,
mad0,262193,0,2017-12-08 19:36:31.570901,1.6322,0.0000,22.0202,,0.0000,0.0000,CHARGEREST,,,,,,,
mad1,262193,1,2017-12-08 19:36:31.928214,3.8132,2.7615,21.6179,0.0105,608.2315,159.5050,CHARGEREST,,,,,,,
mad2,262193,2,2017-12-08 19:36:32.110035,3.7470,0.0000,21.0830,0.1280,0.0000,0.0000,CHARGEREST,,,,,,,
mad3,262193,3,2017-12-08 19:36:32.570195,3.7513,0.0000,19.7462,0.0778,0.0000,0.0000,CHARGEREST,,,,,,,
mad0,262193,0,2017-12-08 19:36:32.670198,1.6323,0.0000,21.9320,-0.7324,0.0000,0.0000,CHARGEREST,,,,,,,
mad0,262193,0,2017-12-08 19:36:40.691038,,,,,,,,CHARGEREST,0.0000,0.0000,-0.7324,-0.2506,0.0000,1.6316,68.470909
mad1,262193,1,2017-12-08 19:36:35.148655,3.8132,2.7601,21.4333,,724.6559,190.0366,CHARGEREST,,,,,,,
mad1,262193,1,2017-12-08 19:36:43.049943,,,,,,,,CHARGEREST,190.0366,724.6559,0.0105,-0.5715,2.7617,3.8132,68.670426
mad2,262193,2,2017-12-08 19:36:37.360808,3.7470,0.0000,20.8808,,0.0000,0.0000,CHARGEREST,,,,,,,
mad2,262193,2,2017-12-08 19:36:45.202672,,,,,,,,CHARGEREST,0.0000,0.0000,0.1280,-0.5102,0.0000,3.7470,68.673175
mad3,262193,3,2017-12-08 19:36:39.562094,3.7502,0.0000,19.6422,,3.0066,0.8015,CHARGEREST,,,,,,,
mad3,262193,3,2017-12-08 19:36:47.360790,,,,,,,,CHARGEREST,0.8015,3.0066,0.0778,-0.3371,0.0000,3.7513,68.752131
mad0,262193,0,2017-12-08 19:36:43.935341,1.6333,0.0000,21.8164,,0.0000,0.0000,DISCHARGE,,,,,,,
mad0,262193,0,2017-12-08 19:36:49.540853,,,,,,,,DISCHARGE,0.0000,0.0000,-0.7324,-0.1020,0.0000,1.6333,8.849815
mad1,262193,1,2017-12-08 19:36:46.110841,3.8134,2.7708,21.3208,,90.7825,23.8065,DISCHARGE,,,,,,,
mad2,262193,2,2017-12-08 19:36:48.241478,3.6895,0.2514,20.9820,,3.0670,0.8313,DISCHARGE,,,,,,,
mad3,262193,3,2017-12-08 19:36:50.421901,3.3556,1.8642,19.4205,,15.3636,4.5784,DISCHARGE,,,,,,,
mad0,262193,0,2017-12-08 19:36:52.580789,1.6328,0.0000,21.7278,,0.0000,0.0000,DISCHARGEREST,,,,,,,
mad1,262193,1,2017-12-08 19:36:52.700662,3.8135,2.7706,21.3142,,103.7674,27.2111,DISCHARGE,,,,,,,
mad2,262193,2,2017-12-08 19:36:52.840799,3.6899,0.0000,20.9504,,3.6370,0.9857,DISCHARGE,,,,,,,
mad3,262193,3,2017-12-08 19:36:52.969494,3.3485,1.8729,19.4270,,23.0505,6.8765,DISCHARGE,,,,,,,
mad0,262193,0,2017-12-08 19:36:53.705552,1.6330,0.0000,21.7346,,0.0000,0.0000,DISCHARGEREST,,,,,,,
mad1,262193,1,2017-12-08 19:36:53.835476,3.8135,2.7706,21.3009,,116.7502,30.6154,DISCHARGE,,,,,,,
mad2,262193,2,2017-12-08 19:36:53.969777,3.6858,0.2690,20.9251,,4.8144,1.3053,DISCHARGE,,,,,,,
mad3,262193,3,2017-12-08 19:36:54.111207,3.3434,1.8761,19.4074,,30.7547,9.1827,DISCHARGE,,,,,,,
mad0,262193,0,2017-12-08 19:36:54.826208,1.6330,0.0000,21.7346,,0.0000,0.0000,DISCHARGEREST,,,,,,,
mad1,262193,1,2017-12-08 19:36:54.989866,3.8135,2.7704,21.2744,,129.7318,34.0195,DISCHARGE,,,,,,,
mad2,262193,2,2017-12-08 19:36:55.131443,3.6859,0.2595,20.8681,,6.0085,1.6293,DISCHARGE,,,,,,,
mad3,262193,3,2017-12-08 19:36:55.251448,3.3398,1.8861,19.4139,,38.4901,11.5004,DISCHARGE,,,,,,,
mad0,262193,0,2017-12-08 19:36:55.960147,1.6330,0.0000,21.7210,,0.0000,0.0000,DISCHARGEREST,,,,,,,
mad1,262193,1,2017-12-08 19:36:56.130152,3.8135,2.7700,21.2744,,142.7126,37.4233,DISCHARGE,,,,,,,
mad2,262193,2,2017-12-08 19:36:56.270165,3.6867,0.2515,20.8681,,6.5780,1.7838,DISCHARGE,,,,,,,
mad3,262193,3,2017-12-08 19:36:56.400159,3.3335,1.8901,19.4139,,46.2349,13.8255,DISCHARGE,,,,,,,
mad0,262193,0,2017-12-08 19:36:57.081538,1.6331,0.0000,21.6937,,0.0000,0.0000,DISCHARGEREST,,,,,,,
mad1,262193,1,2017-12-08 19:36:57.261460,3.8135,2.7699,21.2611,,155.6932,40.8272,DISCHARGE,,,,,,,
mad2,262193,2,2017-12-08 19:36:57.401385,3.6818,0.2750,20.8238,,7.7929,2.1138,DISCHARGE,,,,,,,
mad3,262193,3,2017-12-08 19:36:57.541387,3.3286,1.8984,19.4401,,54.0057,16.1617,DISCHARGE,,,,,,,
mad0,262193,0,2017-12-08 19:36:58.202204,1.6331,0.0000,21.6937,,0.0000,0.0000,DISCHARGEREST,,,,,,,
mad1,262193,1,2017-12-08 19:36:58.394982,3.8135,2.7699,21.2346,,162.1832,42.5290,DISCHARGE,,,,,,,
mad2,262193,2,2017-12-08 19:36:58.534867,3.6822,0.2694,20.8047,,8.4016,2.2793,DISCHARGE,,,,,,,
mad3,262193,3,2017-12-08 19:36:58.674831,3.3257,1.9053,19.4139,,61.7949,18.5053,DISCHARGE,,,,,,,
mad0,262193,0,2017-12-08 19:36:59.330938,1.6333,0.0000,21.6800,,0.0000,0.0000,DISCHARGEREST,,,,,,,
mad1,262193,1,2017-12-08 19:36:59.530930,3.8135,2.7698,21.2080,,175.1626,45.9325,DISCHARGE,,,,,,,
mad2,262193,2,2017-12-08 19:36:59.670941,3.6921,0.0000,20.7794,,9.0135,2.4449,DISCHARGE,,,,,,,
mad3,262193,3,2017-12-08 19:36:59.809104,3.3210,1.9134,19.4139,,65.6755,19.6808,DISCHARGE,,,,,,,
mad0,262193,0,2017-12-08 19:37:00.459644,1.6333,0.0000,21.6595,,0.0000,0.0000,DISCHARGEREST,,,,,,,
mad1,262193,1,2017-12-08 19:37:00.669655,3.8135,2.7696,21.2279,,188.1414,49.3359,DISCHARGE,,,,,,,
mad2,262193,2,2017-12-08 19:37:00.801054,3.6755,0.3034,20.7413,,9.6974,2.6312,DISCHARGE,,,,,,,
mad3,262193,3,2017-12-08 19:37:00.941060,3.3168,1.9200,19.4074,,73.5046,22.0418,DISCHARGE,,,,,,,
mad0,262193,0,2017-12-08 19:37:01.580914,1.6333,0.0000,21.6664,,0.0000,0.0000,DISCHARGEREST,,,,,,,
mad1,262193,1,2017-12-08 19:37:01.811074,3.8135,2.7695,21.1947,,201.1194,52.7391,DISCHARGE,,,,,,,
mad2,262193,2,2017-12-08 19:37:01.931381,3.6865,0.0000,20.7222,,10.3314,2.8032,DISCHARGE,,,,,,,
mad3,262193,3,2017-12-08 19:37:02.089396,3.3121,1.9296,19.4270,,81.3554,24.4126,DISCHARGE,,,,,,,
mad0,262193,0,2017-12-08 19:37:02.711133,1.6333,0.0000,21.6390,,0.0000,0.0000,DISCHARGEREST,,,,,,,
mad1,262193,1,2017-12-08 19:37:02.948582,3.8135,2.7694,21.2080,,214.0965,56.1420,DISCHARGE,,,,,,,
mad2,262193,2,2017-12-08 19:37:03.078587,3.6884,0.0000,20.7032,,10.3321,2.8032,DISCHARGE,,,,,,,
mad3,262193,3,2017-12-08 19:37:03.222246,3.3076,1.9379,19.4074,,89.2241,26.7921,DISCHARGE,,,,,,,
mad0,262193,0,2017-12-08 19:37:03.832534,1.6333,0.0000,21.6185,,0.0000,0.0000,DISCHARGEREST,,,,,,,
mad1,262193,1,2017-12-08 19:37:04.082546,3.8135,2.7691,21.1881,,227.0730,59.5448,DISCHARGE,,,,,,,
mad2,262193,2,2017-12-08 19:37:04.212408,3.6882,0.0000,20.6841,,10.3327,2.8032,DISCHARGE,,,,,,,
mad3,262193,3,2017-12-08 19:37:04.352542,3.3033,1.9458,19.4336,,97.1174,29.1819,DISCHARGE,,,,,,,
mad0,262193,0,2017-12-08 19:37:04.971389,1.6333,0.0000,21.6185,,0.0000,0.0000,DISCHARGEREST,,,,,,,
mad1,262193,1,2017-12-08 19:37:05.221389,3.8135,2.7690,21.1482,,240.0486,62.9474,DISCHARGE,,,,,,,
mad2,262193,2,2017-12-08 19:37:05.351547,3.6885,0.0000,20.6777,,10.3332,2.8032,DISCHARGE,,,,,,,
mad3,262193,3,2017-12-08 19:37:05.491549,3.3002,1.9474,19.4336,,105.0255,31.5785,DISCHARGE,,,,,,,
mad0,262193,0,2017-12-08 19:37:06.100866,1.6333,0.0000,21.6185,,0.0000,0.0000,DISCHARGEREST,,,,,,,
mad1,262193,1,2017-12-08 19:37:06.360865,3.8135,2.7690,21.1482,,246.5364,64.6486,DISCHARGE,,,,,,,
mad2,262193,2,2017-12-08 19:37:06.491059,3.6881,0.0000,20.6777,,10.3336,2.8032,DISCHARGE,,,,,,,
mad3,262193,3,2017-12-08 19:37:06.631081,3.2967,1.9601,19.4336,,112.9596,33.9853,DISCHARGE,,,,,,,
mad0,262193,0,2017-12-08 19:37:07.221332,1.6333,0.0000,21.5980,,0.0000,0.0000,DISCHARGEREST,,,,,,,
mad1,262193,1,2017-12-08 19:37:07.491462,3.8135,2.7689,21.1216,,259.5114,68.0510,DISCHARGE,,,,,,,
mad2,262193,2,2017-12-08 19:37:07.631461,3.6876,0.0000,20.6459,,10.3338,2.8032,DISCHARGE,,,,,,,
mad3,262193,3,2017-12-08 19:37:07.771344,3.2959,1.9572,19.4139,,116.8911,35.1878,DISCHARGE,,,,,,,
mad0,262193,0,2017-12-08 19:37:08.351474,1.6333,0.0000,21.5775,,0.0000,0.0000,DISCHARGEREST,,,,,,,
mad1,262193,1,2017-12-08 19:37:08.631452,3.8135,2.7688,21.1083,,272.4861,71.4533,DISCHARGE,,,,,,,
mad2,262193,2,2017-12-08 19:37:08.771331,3.6876,0.0000,20.6268,,10.3340,2.8032,DISCHARGE,,,,,,,
mad3,262193,3,2017-12-08 19:37:08.902119,3.2888,1.9728,19.4270,,124.8641,37.6114,DISCHARGE,,,,,,,
mad0,262193,0,2017-12-08 19:37:09.472817,1.6333,0.0000,21.5569,,0.0000,0.0000,DISCHARGEREST,,,,,,,
mad1,262193,1,2017-12-08 19:37:09.762793,3.8134,2.7686,21.1016,,285.4593,74.8554,DISCHARGE,,,,,,,
mad2,262193,2,2017-12-08 19:37:09.888950,3.6865,0.0000,20.6268,,10.3340,2.8032,DISCHARGE,,,,,,,
mad3,262193,3,2017-12-08 19:37:10.040224,3.2850,1.9804,19.4336,,132.8637,40.0457,DISCHARGE,,,,,,,
mad0,262193,0,2017-12-08 19:37:10.602882,1.6333,0.0000,21.5569,,0.0000,0.0000,DISCHARGEREST,,,,,,,
mad1,262193,1,2017-12-08 19:37:10.892886,3.8135,2.7685,21.0817,,298.4323,78.2573,DISCHARGE,,,,,,,
mad2,262193,2,2017-12-08 19:37:11.022753,3.6882,0.0000,20.6205,,10.3343,2.8032,DISCHARGE,,,,,,,
mad3,262193,3,2017-12-08 19:37:11.172914,3.2819,1.9914,19.4139,,140.8976,42.4927,DISCHARGE,,,,,,,
mad0,262193,0,2017-12-08 19:37:11.732799,1.6333,0.0000,21.5364,,0.0000,0.0000,DISCHARGEREST,,,,,,,
mad1,262193,1,2017-12-08 19:37:12.023174,3.8135,2.7684,21.0817,,311.4050,81.6591,DISCHARGE,,,,,,,
mad2,262193,2,2017-12-08 19:37:12.153327,3.6889,0.0000,20.6014,,10.3346,2.8032,DISCHARGE,,,,,,,
mad3,262193,3,2017-12-08 19:37:12.303327,3.2786,1.9890,19.4270,,148.9224,44.9394,DISCHARGE,,,,,,,
mad0,262193,0,2017-12-08 19:37:12.844390,1.6333,0.0000,21.5227,,0.0000,0.0000,DISCHARGEREST,,,,,,,
mad1,262193,1,2017-12-08 19:37:13.155899,3.8135,2.7684,21.0617,,324.3774,85.0608,DISCHARGE,,,,,,,
mad2,262193,2,2017-12-08 19:37:13.285892,3.6891,0.0000,20.5822,,10.3350,2.8032,DISCHARGE,,,,,,,
mad3,262193,3,2017-12-08 19:37:13.435777,3.2745,1.9968,19.4270,,156.9576,47.3924,DISCHARGE,,,,,,,
mad0,262193,0,2017-12-08 19:37:13.959472,1.6333,0.0000,21.5227,,0.0000,0.0000,DISCHARGEREST,,,,,,,
mad1,262193,1,2017-12-08 19:37:14.289634,3.8135,2.7681,21.0417,,330.8631,86.7615,DISCHARGE,,,,,,,
mad2,262193,2,2017-12-08 19:37:14.421947,3.6896,0.0000,20.5695,,10.3353,2.8032,DISCHARGE,,,,,,,
mad3,262193,3,2017-12-08 19:37:14.571789,3.2745,1.9968,19.4205,,165.0000,49.8475,DISCHARGE,,,,,,,
mad0,262193,0,2017-12-08 19:37:15.082817,1.6333,0.0000,21.5090,,0.0000,0.0000,DISCHARGEREST,,,,,,,
mad1,262193,1,2017-12-08 19:37:15.423062,3.8135,2.7679,21.0417,,343.8335,90.1627,DISCHARGE,,,,,,,
mad2,262193,2,2017-12-08 19:37:15.553194,3.6896,0.0000,20.5822,,10.3357,2.8032,DISCHARGE,,,,,,,
mad3,262193,3,2017-12-08 19:37:15.703198,3.2712,1.9960,19.4270,,168.9690,51.0738,DISCHARGE,,,,,,,
mad0,262193,0,2017-12-08 19:37:16.212679,1.6333,0.0000,21.4884,,0.0000,0.0000,DISCHARGEREST,,,,,,,
mad1,262193,1,2017-12-08 19:37:16.562655,3.8135,2.7676,21.0217,,356.8029,93.5636,DISCHARGE,,,,,,,
mad2,262193,2,2017-12-08 19:37:16.692806,3.6895,0.0000,20.5567,,10.3360,2.8032,DISCHARGE,,,,,,,
mad3,262193,3,2017-12-08 19:37:16.832818,3.2684,1.9985,19.4270,,176.9960,53.5282,DISCHARGE,,,,,,,
mad0,262193,0,2017-12-08 19:37:17.333641,1.6333,0.0000,21.4884,,0.0000,0.0000,DISCHARGEREST,,,,,,,
mad1,262193,1,2017-12-08 19:37:17.693661,3.8135,2.7677,21.0084,,369.7726,96.9646,DISCHARGE,,,,,,,
mad2,262193,2,2017-12-08 19:37:17.823655,3.6888,0.0000,20.5504,,10.3362,2.8032,DISCHARGE,,,,,,,
mad3,262193,3,2017-12-08 19:37:17.960453,3.2657,2.0009,19.4466,,185.0185,55.9833,DISCHARGE,,,,,,,
mad0,262193,0,2017-12-08 19:37:18.461041,1.6333,0.0000,21.4678,,0.0000,0.0000,DISCHARGEREST,,,,,,,
mad1,262193,1,2017-12-08 19:37:18.828390,3.8135,2.7677,21.0084,,382.7418,100.3655,DISCHARGE,,,,,,,
mad2,262193,2,2017-12-08 19:37:18.955133,3.6885,0.0000,20.5759,,10.3363,2.8032,DISCHARGE,,,,,,,
